{
  "Wikipedia launch-1" : {
    "transaction" : "Wikipedia launch-1",
    "sampleCount" : 32,
    "errorCount" : 0,
    "errorPct" : 0.0,
    "meanResTime" : 135.65624999999997,
    "medianResTime" : 166.0,
    "minResTime" : 68.0,
    "maxResTime" : 263.0,
    "pct1ResTime" : 188.7,
    "pct2ResTime" : 215.54999999999984,
    "pct3ResTime" : 263.0,
    "throughput" : 34.82045701849837,
    "receivedKBytesPerSec" : 3866.1588683351465,
    "sentKBytesPerSec" : 9.147170837867247
  },
  "Wikipedia launch" : {
    "transaction" : "Wikipedia launch",
    "sampleCount" : 32,
    "errorCount" : 0,
    "errorPct" : 0.0,
    "meanResTime" : 440.4374999999999,
    "medianResTime" : 297.5,
    "minResTime" : 114.0,
    "maxResTime" : 1122.0,
    "pct1ResTime" : 1059.6,
    "pct2ResTime" : 1120.7,
    "pct3ResTime" : 1122.0,
    "throughput" : 17.232094776521272,
    "receivedKBytesPerSec" : 1933.0994211093162,
    "sentKBytesPerSec" : 7.673667205169629
  },
  "Total" : {
    "transaction" : "Total",
    "sampleCount" : 128,
    "errorCount" : 0,
    "errorPct" : 0.0,
    "meanResTime" : 288.5781250000001,
    "medianResTime" : 188.5,
    "minResTime" : 45.0,
    "maxResTime" : 1122.0,
    "pct1ResTime" : 760.1,
    "pct2ResTime" : 932.2,
    "pct3ResTime" : 1121.42,
    "throughput" : 65.17311608961303,
    "receivedKBytesPerSec" : 9243.428589613035,
    "sentKBytesPerSec" : 18.75954684317719
  },
  "Wikipedia search" : {
    "transaction" : "Wikipedia search",
    "sampleCount" : 32,
    "errorCount" : 0,
    "errorPct" : 0.0,
    "meanResTime" : 276.4375,
    "medianResTime" : 291.0,
    "minResTime" : 106.0,
    "maxResTime" : 312.0,
    "pct1ResTime" : 309.7,
    "pct2ResTime" : 310.7,
    "pct3ResTime" : 312.0,
    "throughput" : 37.2093023255814,
    "receivedKBytesPerSec" : 12761.119186046511,
    "sentKBytesPerSec" : 9.70203488372093
  },
  "Wikipedia launch-0" : {
    "transaction" : "Wikipedia launch-0",
    "sampleCount" : 32,
    "errorCount" : 0,
    "errorPct" : 0.0,
    "meanResTime" : 301.78125,
    "medianResTime" : 123.5,
    "minResTime" : 45.0,
    "maxResTime" : 934.0,
    "pct1ResTime" : 870.9,
    "pct2ResTime" : 931.4,
    "pct3ResTime" : 934.0,
    "throughput" : 18.94612196566015,
    "receivedKBytesPerSec" : 21.76768798105388,
    "sentKBytesPerSec" : 3.4598875074008286
  }
}